country_id,year,month,summary,detail,link_group
ussr,1961,,Полёт Гагарина,Первый человек в космосе.,
ussr,1961,3,12 апреля — полёт Гагарина на «Востоке-1»,,
ussr,1961,7,Полёт Титова — сутки на орбите,,
ussr,1962,,Карибский кризис,Ядерное противостояние с США из-за ракет на Кубе.,caribbean_crisis
ussr,1962,9,Размещение ракет обнаружено,,caribbean_crisis
ussr,1962,10,Кульминация кризиса; демонтаж ракет,,caribbean_crisis
ussr,1964,,Отставка Хрущёва,Начало эпохи Брежнева.,
ussr,1964,9,Отставка Хрущёва; Брежнев — генсек,,
ussr,1966,,Луна-9: мягкая посадка,,
ussr,1966,1,Первая мягкая посадка на Луну,,
ussr,1968,,Вторжение в Чехословакию,Подавление Пражской весны.,
ussr,1968,7,Ввод войск ОВД,,
ussr,1969,,Бой на Даманском,Пограничный конфликт с Китаем.,
ussr,1969,2,Бои на Даманском,,
ussr,1972,,Визит Никсона; ОСВ-1,Разрядка.,
ussr,1972,4,Визит Никсона; подписание ОСВ-1,,
ussr,1975,,Хельсинки; «Союз-Аполлон»,Хельсинкский акт. Совместный полёт.,
ussr,1975,6,Стыковка «Союз-Аполлон»,,
ussr,1975,7,Хельсинкский акт,,
usa,1960,,Избрание Кеннеди,,
usa,1960,10,Кеннеди избран президентом,,
usa,1961,,Залив Свиней,Провал вторжения на Кубу.,
usa,1961,3,Провал высадки,,
usa,1961,4,Речь: «На Луну до конца десятилетия»,,
usa,1962,,Карибский кризис,13 дней на грани ядерной войны.,caribbean_crisis
usa,1962,9,Обнаружение ракет на Кубе,,caribbean_crisis
usa,1962,10,Блокада; разрешение кризиса,,caribbean_crisis
usa,1963,,Убийство Кеннеди,Даллас; 22 ноября.,
usa,1963,5,«Ich bin ein Berliner»,,
usa,1963,7,Марш на Вашингтон,,
usa,1963,10,Убийство Кеннеди,,
usa,1964,,Закон о гражд. правах,Тонкинская резолюция.,
usa,1964,6,Закон о гражданских правах,,
usa,1964,7,Тонкинская резолюция,,
usa,1965,,Эскалация во Вьетнаме,,
usa,1965,2,Rolling Thunder,,
usa,1965,6,Наземные операции,,
usa,1968,,Убийства Кинга и Кеннеди,Год хаоса.,
usa,1968,0,Тетское наступление,,
usa,1968,3,Убийство Кинга,,
usa,1968,5,Убийство Р. Кеннеди,,
usa,1969,,Высадка на Луну,Apollo 11.,
usa,1969,6,20 июля — высадка на Луну,,
usa,1969,7,Вудсток,,
usa,1972,,Уотергейт; визит в Китай,,
usa,1972,1,Визит в Китай,,
usa,1972,5,Взлом штаба демократов,,
usa,1973,,Вывод из Вьетнама,,
usa,1973,0,Парижские соглашения,,
usa,1974,,Отставка Никсона,,
usa,1974,7,Отставка Никсона,,
usa,1975,,Падение Сайгона,,
usa,1975,3,Конец Вьетнамской войны,,
china,1960,,Разрыв с СССР,,
china,1964,,Ядерное испытание,,
china,1964,9,Первая атомная бомба,,
china,1966,,Культурная революция,Хунвейбины.,
china,1966,4,Начало Культурной революции,,
china,1969,,Бои на Даманском,,
china,1969,2,Столкновения на Даманском,,
china,1971,,Приём в ООН,,
china,1971,9,КНР вместо Тайваня в Совбезе,,
china,1972,,Визит Никсона,,
china,1972,1,Визит Никсона в Китай,,
china,1975,,Смерть Чан Кайши,,
china,1975,3,Смерть Чан Кайши,,
uk,1960,,«Ветер перемен»,,
uk,1960,1,Речь «Ветер перемен»,,
uk,1964,,Битломания; Вильсон,,
uk,1964,9,Вильсон — премьер,,
uk,1966,,Победа на ЧМ,,
uk,1966,6,Англия выигрывает ЧМ,,
uk,1969,,Начало Смуты,,
uk,1969,7,Ввод войск в Сев. Ирландию,,
uk,1973,,Вступление в ЕЭС,,
uk,1973,0,Вступление в ЕЭС,,
france,1960,,Ядерное испытание,,
france,1960,1,«Голубой тушканчик»,,
france,1961,,Путч генералов,,
france,1961,3,Путч в Алжире,,
france,1962,,Независимость Алжира,,
france,1962,2,Эвианские соглашения,,
france,1962,6,Независимость,,
france,1966,,Выход из военного НАТО,,
france,1966,2,Выход из военной структуры,,
france,1968,,Майские события,,
france,1968,4,Баррикады; забастовка,,
france,1968,5,Победа голлистов,,
france,1969,,Отставка де Голля,,
france,1969,3,Отставка,,
france,1970,,Смерть де Голля,,
france,1970,10,Смерть де Голля,,
germany,1961,,Берлинская стена,,
germany,1961,7,Строительство стены,,
germany,1963,,Визит Кеннеди,,
germany,1963,5,«Ich bin ein Berliner»,,
germany,1969,,Остполитик Брандта,,
germany,1969,9,Брандт — канцлер,,
germany,1970,,Варшавское коленопреклонение,,
germany,1970,11,Коленопреклонение Брандта,,
germany,1972,,Мюнхенская Олимпиада,Теракт «Чёрного сентября».,
germany,1972,8,Теракт на Олимпиаде,,
germany,1973,,ФРГ и ГДР в ООН,,
germany,1973,8,Приём в ООН,,
germany,1974,,Отставка Брандта,,
germany,1974,4,Отставка,,
japan,1960,,Протесты Ампо,,
japan,1960,5,Протесты,,
japan,1964,,Олимпиада в Токио,,
japan,1964,9,Синкансэн,,
japan,1964,10,Олимпийские игры,,
japan,1968,,Вторая экономика мира,,
japan,1970,,ЭКСПО-70,,
japan,1970,2,ЭКСПО-70 в Осаке,,
japan,1972,,Возвращение Окинавы,,
japan,1972,4,Окинава,,
japan,1972,8,Нормализация с Китаем,,
japan,1973,,Нефтяной шок,,
cuba,1961,,Залив Свиней,,
cuba,1961,3,Разгром десанта,,
cuba,1962,,Карибский кризис,Советские ракеты на Кубе.,caribbean_crisis
cuba,1962,9,Обнаружение ракетных баз,,caribbean_crisis
cuba,1962,10,Блокада; демонтаж,,caribbean_crisis
cuba,1965,,Отъезд Че Гевары,,
cuba,1967,,Гибель Че Гевары,,
cuba,1967,9,Че убит в Боливии,,
cuba,1975,,Интервенция в Анголу,,
vietnam,1960,,Создание Вьетконга,,
vietnam,1963,,Переворот в Сайгоне,,
vietnam,1963,10,Убийство Зьема,,
vietnam,1964,,Тонкинский инцидент,,
vietnam,1964,7,Тонкинский инцидент,,
vietnam,1965,,Начало бомбардировок,,
vietnam,1965,2,Rolling Thunder,,
vietnam,1965,6,Наземные операции,,
vietnam,1968,,Тетское наступление,,
vietnam,1968,0,Тетское наступление,,
vietnam,1968,2,Резня в Милай,,
vietnam,1972,,Пасхальное наступление,,
vietnam,1972,3,Наступление Ханоя,,
vietnam,1972,11,Рождественские бомбардировки,,
vietnam,1973,,Парижские соглашения,,
vietnam,1973,0,Подписание соглашений,,
vietnam,1975,,Падение Сайгона,Объединение Вьетнама.,
vietnam,1975,3,30 апреля — падение Сайгона,,
india,1961,,Аннексия Гоа,,
india,1961,11,Захват Гоа,,
india,1962,,Война с Китаем,,
india,1962,9,Наступление Китая,,
india,1962,10,Прекращение огня,,
india,1964,,Смерть Неру,,
india,1964,4,Смерть Неру,,
india,1965,,Война с Пакистаном,,
india,1965,7,Война,,
india,1965,8,Прекращение огня,,
india,1966,,Индира Ганди — премьер,,
india,1966,0,Ганди — премьер,,
india,1971,,Война; Бангладеш,,
india,1971,11,Капитуляция Пакистана,,
india,1974,,Ядерное испытание,,
india,1974,4,«Улыбающийся Будда»,,
india,1975,,Чрезвычайное положение,,
india,1975,5,ЧП введено,,
israel,1960,,Захват Эйхмана,,
israel,1960,4,Похищение Эйхмана,,
israel,1962,,Казнь Эйхмана,,
israel,1962,5,Казнь,,
israel,1967,,Шестидневная война,Захват Синая; Голан; Зап. берега.,
israel,1967,5,Шестидневная война,,
israel,1972,,Мюнхен,,
israel,1972,8,Гибель 11 спортсменов,,
israel,1973,,Война Судного дня,,
israel,1973,9,Начало войны,,
israel,1973,10,Контрнаступление,,
egypt,1960,,Асуанская плотина (начало),,
egypt,1961,,Распад ОАР,,
egypt,1967,,Разгром в Шестидневной,,
egypt,1967,5,Потеря Синая,,
egypt,1970,,Смерть Насера,,
egypt,1970,8,Садат — президент,,
egypt,1971,,Асуанская плотина,,
egypt,1971,0,Открытие плотины,,
egypt,1973,,Война Судного дня,,
egypt,1973,9,Прорыв линии Бар-Лева,,
egypt,1975,,Синайское соглашение,,
